"appId","appVersion","body","date","helpfulCounts","language","position","rating","reviewId","reviewedIn","reviewer","timestamp","userImage"
"com.google.android.apps.photos","7.88.0.966185373","This app continues to get enshitified. In 2026 I thought I could send an album to Google photos without any issues but that's not supported. Instead, I selected each individual image and uploaded them thinking they'd be easy to find under recently uploaded. They were not. They were mixed in with my thousands of other pictures, which I'm obviously not going to look through. I'm just going to use another platform to make an album in the cloud. Crazy Google photos can no longer do that with ease.","2026-08-20","3","en","1","2","5588dac1-6b61-46ea-8d37-2871a28182c5","en","Tiffany McElroy","1787197931","https://play-lh.googleusercontent.com/a/ACg8ocJdbsfDfpd6_Z78WDdZwZmcrssX1R9FLAQSwyRJpADkN4OTiw=mo"
"com.google.android.apps.photos","7.88.0.966185373","Fix Google Photos, PLZZZZ! It used to be my favorite, GO TO for photos until a few weeks ago. I'm an artist, photographer, and major ADHD - I have come to rely on GP so much it's almost 2nd skin, and saved me so much time & hassle.Now, I can't even find all of my photos, albums, etc. Most 🤬 is not being able to just pull up a photo and attach or insert anywhere. Just spent over 1 hr trying to find a photo I had taken of an order that the seller asked for me to upload a pic. (Still can't)","2026-08-21","1","en","2","3","6dbbe3c7-21d6-4e60-9cab-a0321bcecade","en","CJ Hannah","1787343433","https://play-lh.googleusercontent.com/a-/ALV-UjWXwRWDHl9IaWH1XAnwOm8aHadhCO_JPK6C__MZR3_r2DjaHkmC1g"
"com.google.android.apps.photos","7.89.0.968035987","I like Google photos but the mobile app is a bit of a cluster compared to the more straightforward, less clustered desktop/PC version. Also, is there a reliable way for duplicate images to be axed without having to manually check to make sure you're not deleting both? I'm talking for like 100s+ of pictures. Thanks! edit 8/28/26, why are my photos not showing up in the big main page? Only some are, the rest are on Recently Added. Having to go dig for my most recent screenshots is nuts","2026-08-28","5","en","3","3","9f95dfe2-83bd-499e-9efd-bffa8264bc57","en","Melley","1787955972","https://play-lh.googleusercontent.com/a-/ALV-UjUwW_ygpDeTqH2AEG1ihmvfnxotvhIKc_ChTUS4_ZeDUsuQYeAaCQ"
"com.google.android.apps.photos","7.90.0.971743778","The photos aren't lost, they are 6 yr old photos that are present in the Google Photos Cloud. I restored them to a phone so I may edit them and use them. Restored images are sitting on their original calendar dates instead of the top. How can you expect anyone using a photo editing app or other app to spend time scrolling through 2026 to 2020 images when they have a lot of images? It never used to be like this. Your links are not relevant to the issue. Something changed on the backend. Thanks","2026-09-07","3","en","4","1","b83d8437-28ca-4f9d-a453-36dd41556022","en","Scarlet Red","1788750928","https://play-lh.googleusercontent.com/a-/ALV-UjW_rZ4mTudtEGsNa91sbMFLfgz24PY8H4_Njjjpm8BjhxHEbbVrPQ"
"com.google.android.apps.photos","7.89.0.968035987","Google Photos makes it incredibly hard to organize my library when new photos come in from cloud sync tools like MultCloud. Every single new photo arrives “loose,” and I have to manually sort it into albums all over again when I already did this! Auto‑albums can’t be shared or used by smart frames, so they don’t help. Please give us a simple way to see photos not in any manual album, or a way to auto‑assign albums. This constant manual sorting is exhausting.","2026-08-28","2","en","5","1","853c1be6-4be0-4796-a905-a1498ad2578b","en","Authnell Smith","1787933686","https://play-lh.googleusercontent.com/a-/ALV-UjVpavP6zDRwmXWnmf56t56g8qgkN2mgPCzR0UFZkhvIAQjeHFE"
"com.google.android.apps.photos","7.86.0.956040398","My photos are disappearing. I've been using Google Photos for years and even bought extra storage, but for the past four months, I've regretted not just getting a flash drive instead. Many of my photos have vanished, including ones that were very important to me and my family. It's particularly upsetting regarding photos from when my children were younger. Given all the issues with these companies, including their hacks and overall practices, this situation is really frustrating.","2026-08-13","5","en","6","2","7dea5b50-a77c-4e60-bfcd-309acf1ece34","en","Jowanna Williams","1786583636","https://play-lh.googleusercontent.com/a-/ALV-UjUs2UWQH60gc103H6nWd2veOtx_yj2zvGXlS8w4BFsex81x7YSmEg"
"com.google.android.apps.photos","7.86.0.956040398","This app DOES NOT duplicate photos, so if you plan on keeping your photos in the original app you were using, you won't. All of my albums are missing photos because they were taken and placed into google photos, once restored all the photos are mixed together. Also when the photo is ""stacked"" it only restores one photo. I have over 7,000 photos I was transferring and now everything is so disorganized and there's no easy way to fix it without spending hours trying to figure it out. I am so upset!","2026-08-05","13","en","7","1","d4b8dd23-bb7f-491f-af95-99c45eb8d540","en","Rebekah","1785969050","https://play-lh.googleusercontent.com/a/ACg8ocKALv2mCV4b3LDWGZxqflDLQKmUciU3IY5Rt5J6w3r0b5Y5tw=mo"
"com.google.android.apps.photos","7.86.0.958430351","Google Photos is and always has been a very great tool for managing your photo gallery and syncing it between devices. However, I'm not super fond of the AI stuff everywhere. I wish there was an opt-out toggle. If I want AI to edit my photos, I'll go to the Gemini app for that, not Google Photos, because AI doesn't belong there.","2026-08-07","3","en","8","3","3f7a2f62-b720-437e-bdd3-bc769e884f64","en","Sora","1786077811","https://play-lh.googleusercontent.com/a-/ALV-UjX1WJtkEIJNX5DAAt_n9JaVJCVvgEcZ1gztGUvONK3Kjs4BUos"
"com.google.android.apps.photos","7.90.0.971743778","What happened to this app? Crashes every time I try to edit a video making the editing feature completely useless. Can't use any other apps at the same time (e.g. Spotify) because it will cause other apps to crash when you open Google photos. I will be cancelling my subscription and looking for storage from competitors soon since this was one of the reasons I started paying for it.","2026-09-08","2","en","9","1","bb3391eb-96cb-4d49-9fb4-bb557ede0df5","en","Gabriel Levy","1788828081","https://play-lh.googleusercontent.com/a/ACg8ocKQIdFqLn3Ga-g57UXo1ut0A6nS90bmOnfyYeSdEWDRcGxg-g=mo"
"com.google.android.apps.photos","7.90.0.971743778","""Ever since the recent system update, the Android Media Picker has completely broken my photo sharing workflow. I regularly upload photos to third-party apps directly from my Google Photos cloud collections, but now my cloud library won't populate at all when trying to attach media. When I went to troubleshoot in my device settings, the 'Clear storage' and 'Clear cache' options for the Media Picker app were completely grayed out and locked.","2026-09-07","1","en","10","1","5bfdce6e-db6a-4ef7-b31c-b260e682438e","en","Emily M","1788739430","https://play-lh.googleusercontent.com/a-/ALV-UjWLl0vF4iRPExUzJjTYC9dWiPgElu8jLzeRBMARFV33Ez-ekWnSZw"
"com.google.android.apps.photos","7.83.0.943371825","Google photos is the only option my phone came with. It's been fine until this last update. Before the last update, when you opened the app your photos would be shown by month/year taken so you only needed to scroll down to see older ones. It was easy and organized. With the new update, the organization is gone. All photos/videos are now shown in a haphazard mess. Sad. This app came with the phone and cannot be deleted and replaced.","2026-07-11","18","en","11","2","ed2a682b-89da-42b1-b8ed-6654128b9c58","en","anne pavlos","1783761588","https://play-lh.googleusercontent.com/a-/ALV-UjW5YyuuQ0cKKqdjib9kUpQqrgnXxCMyyNi0KFiPTGLsvawbxCA"
"com.google.android.apps.photos","7.79.1.929394759","UGH. Now every time I edit a photo, I can't access it from any apps for some time. Google, are you looking at all of these reviews? Things used to work well. Now I frequently can't find photos and your links to ""help"" aren't helpful. Basic functionality should be prioritized over bells and whistles. The editing is awful, Magic Eraser doesn't work, AI editing is terrible, etc.","2026-06-13","98","en","12","1","f80abfe5-d068-4d14-a2da-c71d106f57c3","en","Chris Husted","1781392238","https://play-lh.googleusercontent.com/a/ACg8ocJj4KPbVb2baOsFgmQDLgD-2en8N5qwXmTLeMWrU7Dgwq2YJXO7=mo"
"com.google.android.apps.photos","7.17.0.728464545","Loved Google Photos. Always demonstrating to people how easy it was to find a photo i.e. 'Dog in a hat'. Now the search has changed to AI and it's terrible. Even changing to classic, the same search will show your photo briefly, then change to 'Nothing found' or a huge list of random garbage. I cannot search anything. So sad. I have thousands of photos in storage. Google was my end all, be all.","2025-02-23","2332","en","13","2","bd1afa26-2281-4093-a462-b9b6f1f4f0b5","en","Sabrina Absher","1740274021","https://play-lh.googleusercontent.com/a/ACg8ocKPkG9fg6K8cDLA_aFIKdTix2s3XEp84_a5JtHYVoAm0aV-SA=mo"
"com.google.android.apps.photos","7.3.0.682956182","It won't let me merge peoples labels or import my photos from Google drive. So after another few years of Google photos and drive, I'm about to give up on this service. It's good, yes. But expensive! The amount of duplicates I have of stuff and photos isn't easely mended either. Now that I'm trying to mend all of that and need to download all my stuff from both photos and drive, it's extremely difficult! For some reason Google hasn't got a select all photos! Google takeout is rubbish too.","2024-10-17","804","en","14","1","ee2f50f5-fc3a-4f39-9082-eaa07ee43836","en","Elli","1729161056","https://play-lh.googleusercontent.com/a-/ALV-UjUYdmmpzGDYbM2rOyrCe-BmRs6ZBdnBrNu51XfqgF-gAGTv07DLGQ"
"com.google.android.apps.photos","7.36.0.779865778","Google Photos is one of the best apps for storing and organizing photos. It automatically backs up your images, offers powerful search features, and groups faces and places accurately. The editing tools are simple yet effective. The cloud storage helps free up space on your phone. Some features now require a subscription, but overall it’s a reliable and smart photo management app.","2025-07-23","40078","en","15","5","24e628d4-e435-4971-afd3-ff777feb031b","en","Nayanthara moly Saji","1753313004","https://play-lh.googleusercontent.com/a-/ALV-UjVgwpLTdAawjao_zvjV-5A9c01BV4BulHTAUOh87nfedhfhENUN"
"com.google.android.apps.photos","7.39.0.787784983","Used to love Google Photos, especially the Perspective tool that let me fix slanted angles and straighten lines. Now it's gone with the new update, and there's no substitute. Please bring it back. This was essential for editing architecture, scanned documents, and travel photos. Until then, 2 stars.","2025-08-05","940","en","16","2","9e1ee0f0-2a58-4071-941f-b4c73208af6f","en","Emily Lin","1754376218","https://play-lh.googleusercontent.com/a-/ALV-UjWh4WxIjuDi8Ua7UfeP-fITpclR7YUPKxJN-ML5tgwVmYIISczY"
"com.google.android.apps.photos","7.29.0.757514586","Easy to use and much improved over the years! After the oneui 7 update, the widgets have gone a bit weird and the photos don't resize to the size of the widget, if that makes sense. It's now this super narrow horizontal photo, which kind of defeats the purpose of having the photo widget! Is this a google photos issue or a software update issue?","2025-05-25","22288","en","17","4","76a7ab39-ff2c-48de-ac61-85ea450104f9","en","Lorrae Gnanachandran","1748184528","https://play-lh.googleusercontent.com/a/ACg8ocK9pXamPvSPIj101slNUX6oG65aTq-MZGTQAPFDXLtbsEJ7dabf=mo"
"com.google.android.apps.photos","7.29.0.757514586","Extremely aggressive in trying to get me to back up my photos, turned on auto-backup without my knowing, but what's most annoying is when I deleted from google photos to free up space, it also deleted the same items from my phone. I'm mad and disappointed, I want to be able to delete from one while keeping the other. What's the point of a separate storage space if it forces me to have all the same things stored?","2025-05-23","1189","en","18","1","56796636-6a0d-4cc7-b5be-7ba69a0f2347","en","Mateja Bešlaj Domankušić","1747998855","https://play-lh.googleusercontent.com/a-/ALV-UjU9Seipwp5XNC6O0Q1gy5p2JqTjjBiMaHfjggphM2y4tiGKUYMv"