"Timestamp","How often do you use Google Photos?","About how many photos are in your Google Photos library?","Have you ever remembered a photo but struggled to find it in Google Photos? ","What kind of photo were you trying to find?","What did you remember about the photo?","How did you try to find it? ","Did Google Photos show what you were looking for?","What other way would you choose to find a photo, if search doesn't work for you?","Tell us about a photo you couldn't find easily. "
"2026/09/23 12:32:03 AM GMT+5:30","Daily","5,000 - 10,000","Yes, a few times","Photo of a person;Document / receipt","Where it was taken;Nothing specific, just the memory of the photo","Search by words","Yes","Then remember the date","Documents "
"2026/09/23 12:41:47 AM GMT+5:30","Daily","1,000 - 5,000","Yes, many times","Trip / vacation photo;Photo of a person;Document / receipt","Nothing specific, just the memory of the photo","Search by words;Search by person","Sometimes","",""
"2026/09/23 12:58:47 AM GMT+5:30","A few times a month","Under 1,000","Yes, many times","Trip / vacation photo;Photo of a person;Place / restaurant / café","Who was in it;Where it was taken;Around when it was taken;Background/Ambience","Search by words;Search by place;Search by date","Sometimes","",""
"2026/09/23 2:47:06 AM GMT+5:30","A few times a week","Under 1,000","Yes, a few times","Trip / vacation photo;Photo of a person;Food photo;Screenshot","Where it was taken;What was happening;Background/Ambience","Search by place;Search by date","Yes","I scroll","It was a cat picture "
"2026/09/23 4:51:17 AM GMT+5:30","A few times a week","1,000 - 5,000","Yes, many times","Place / restaurant / café;Screenshot;Document / receipt;Medical / medicine-related photo;Event / celebration","Who was in it;Where it was taken;Around when it was taken;What was happening;What was in the photo;Background/Ambience","Check an album;Couldn't find it","I got too many unrelated photos","Manual search ","I was trying to find few of my childhood pictures the other day. Couldn't find at all. "
"2026/09/23 7:07:53 AM GMT+5:30","A few times a week","5,000 - 10,000","Yes, many times","Trip / vacation photo;Photo of a person;Medical / medicine-related photo","What was happening;What was in the photo","Search by person;Search by object","Sometimes","",""
"2026/09/23 8:06:21 AM GMT+5:30","A few times a month","Under 1,000","Yes, a few times","Trip / vacation photo;Photo of a person;Document / receipt;Event / celebration;Other","Around when it was taken;Nothing specific, just the memory of the photo","Search by words;Search by object","No","Google Drive Folder  (iOS user)","NA"
"2026/09/23 8:21:16 AM GMT+5:30","A few times a week","Under 1,000","Yes, many times","Trip / vacation photo;Photo of a person","Where it was taken;Around when it was taken","Search by person;Search by place","Sometimes","",""
"2026/09/23 8:49:37 AM GMT+5:30","A few times a week","1,000 - 5,000","Yes, many times","Trip / vacation photo","Who was in it;Around when it was taken","Search by person;Check an album","Sometimes","",""
"2026/09/23 8:54:19 AM GMT+5:30","Rarely","Can't Remember","Yes, many times","Trip / vacation photo;Screenshot;Document / receipt;Event / celebration","Who was in it;Where it was taken;What was in the photo","Search by words;Search by person;Check an album","Sometimes","",""
"2026/09/23 9:28:06 AM GMT+5:30","Rarely","1,000 - 5,000","Yes, a few times","Photo of a person","Who was in it","Check an album","I got too many unrelated photos","","Photos of a person"
"2026/09/23 10:15:58 AM GMT+5:30","A few times a week","5,000 - 10,000","Yes, a few times","Trip / vacation photo;Photo of a person;Screenshot;Document / receipt;Medical / medicine-related photo;Event / celebration","Where it was taken;What was in the photo","Search by words;Search by person","Yes","",""
"2026/09/23 10:24:08 AM GMT+5:30","A few times a month","1,000 - 5,000","Yes, many times","Trip / vacation photo;Screenshot;Medical / medicine-related photo","What was in the photo","Search by object","I got too many unrelated photos","scrolling or just specific keyword searching","An important medical document of my pet which was urgently needed for a medication"
"2026/09/23 12:16:22 PM GMT+5:30","Daily","Can't Remember","Yes, a few times","Photo of a person;Document / receipt;Medical / medicine-related photo","Who was in it;Where it was taken;Background/Ambience","Search by person;Search by place;Check an album","Sometimes","Move to another source of photo","Medical prescription or a receipt "
"2026/09/23 12:45:12 PM GMT+5:30","A few times a week","1,000 - 5,000","Yes, a few times","Photo of a person;Place / restaurant / café;Screenshot","Who was in it;Where it was taken;Around when it was taken;What was in the photo","Search by words;Check an album","Yes","We can search for the photos we need by month.","One of my family member’s photos was difficult to find because there were multiple similar photos. While scrolling, we can easily miss the photo we’re looking for. It would be helpful to have a single sorting option that shows only the photos in separate stacks or groups, making them easier to find."
"2026/09/23 1:51:02 PM GMT+5:30","A few times a month","Can't Remember","Yes, a few times","Trip / vacation photo;Photo of a person;Event / celebration","Who was in it;Where it was taken;Around when it was taken;What was happening;What was in the photo;Background/Ambience","Search by person;Search by place;Search by date;Check an album","Yes","Maybe I would ask others if they have the same pic 😅😂 or mostly I generally would have idea about timeline, I would scroll and check","I don’t remember any"
"2026/09/23 5:54:59 PM GMT+5:30","A few times a month","Under 1,000","Yes, many times","Screenshot;Document / receipt","Around when it was taken;What was in the photo","Search by date;Check an album","Sometimes","search manually of that period ","I am able to find them"